2024-04-30 23:06:07, , Server startup attempt, , 
2024-04-30 23:06:07, , Server startup, , 
2024-04-30 23:06:10, 0.0.0.0, New connection, , 
2024-04-30 23:06:10, 0.0.0.0, Sending status code, , 
2024-04-30 23:06:13, 0.0.0.0, Sending error length, , 
2024-04-30 23:06:16, 0.0.0.0, Sending error, , 
2024-04-30 23:06:16, 0.0.0.0, Error, Timeout. Either took too long to respond, or server is too busy., 
2024-04-30 23:06:23, 0.0.0.0, New connection, , 
2024-04-30 23:06:23, 0.0.0.0, Sending status code, , 
2024-04-30 23:06:26, 0.0.0.0, Sending error length, , 
2024-04-30 23:06:29, 0.0.0.0, Sending error, , 
2024-04-30 23:06:29, 0.0.0.0, Error, Timeout. Either took too long to respond, or server is too busy., 
2024-04-30 23:06:35, 0.0.0.0, New connection, , 
2024-04-30 23:06:35, 0.0.0.0, Sending status code, , 
2024-04-30 23:06:38, 0.0.0.0, Sending error length, , 
2024-04-30 23:06:41, 0.0.0.0, Sending error, , 
2024-04-30 23:06:41, 0.0.0.0, Error, Timeout. Either took too long to respond, or server is too busy., 
2024-04-30 23:06:42, 0.0.0.0, New connection, , 
2024-04-30 23:06:42, 0.0.0.0, Sending status code, , 
2024-04-30 23:06:45, 0.0.0.0, Sending error length, , 
2024-04-30 23:06:48, 0.0.0.0, Sending error, , 
2024-04-30 23:06:48, 0.0.0.0, Error, Timeout. Either took too long to respond, or server is too busy., 
2024-04-30 23:06:56, 0.0.0.0, New connection, , 
2024-04-30 23:06:56, 0.0.0.0, Sending status code, , 
2024-04-30 23:06:59, 0.0.0.0, Sending error length, , 
2024-04-30 23:07:02, 0.0.0.0, Sending error, , 
2024-04-30 23:07:02, 0.0.0.0, Error, Timeout. Either took too long to respond, or server is too busy., 
2024-04-30 23:08:08, 0.0.0.0, New connection, , 
2024-04-30 23:08:08, 0.0.0.0, Sending status code, , 
2024-04-30 23:08:11, 0.0.0.0, Sending error length, , 
2024-04-30 23:08:15, 0.0.0.0, Sending error, , 
2024-04-30 23:08:15, 0.0.0.0, Error, Timeout. Either took too long to respond, or server is too busy., 
2024-04-30 23:08:42, 0.0.0.0, New connection, , 
2024-04-30 23:08:42, 0.0.0.0, Sending status code, , 
2024-04-30 23:08:45, 0.0.0.0, Sending error length, , 
2024-04-30 23:08:48, 0.0.0.0, Sending error, , 
2024-04-30 23:08:48, 0.0.0.0, Error, Timeout. Either took too long to respond, or server is too busy., 
2024-04-30 23:11:11, , Server startup attempt, , 
2024-04-30 23:11:11, , Server startup, , 
2024-04-30 23:11:23, 0.0.0.0, New connection, , 
2024-04-30 23:11:23, 0.0.0.0, Sending status code, , 
2024-04-30 23:11:26, 0.0.0.0, Sending error length, , 
2024-04-30 23:11:29, 0.0.0.0, Sending error, , 
2024-04-30 23:11:29, 0.0.0.0, Error, Timeout. Either took too long to respond, or server is too busy., 
2024-04-30 23:11:29, ÿÃÑüo©ý{©ýƒ‘, Image length received, , 
2024-04-30 23:11:29, ÿÃÑüo©ý{©ýƒ‘, Image fully received, , 
2024-04-30 23:11:29, ÿÃÑüo©ý{©ýƒ‘, Sending status code, , 
2024-04-30 23:11:29, , Error, send() could not send status code back to client, 
2024-04-30 23:11:59, , Server startup attempt, , 
2024-04-30 23:11:59, , Server startup, , 
2024-04-30 23:12:02, 0.0.0.0, New connection, , 
2024-04-30 23:12:02, 0.0.0.0, Sending status code, , 
2024-04-30 23:12:05, 0.0.0.0, Sending error length, , 
2024-04-30 23:12:08, 0.0.0.0, Sending error, , 
2024-04-30 23:12:08, 0.0.0.0, Error, Timeout. Either took too long to respond, or server is too busy., 
2024-04-30 23:12:08, ÿÃÑüo©ý{©ýƒ‘, Image length received, , 
2024-04-30 23:12:08, ÿÃÑüo©ý{©ýƒ‘, Image fully received, , 
2024-04-30 23:12:08, ÿÃÑüo©ý{©ýƒ‘, Sending status code, , 
2024-04-30 23:12:08, , Error, send() could not send status code back to client, 
2024-04-30 23:12:35, , Server startup attempt, , 
2024-04-30 23:12:35, , Server startup, , 
2024-04-30 23:12:47, 0.0.0.0, New connection, , 
2024-04-30 23:12:47, ÿÃÑüo©ý{©ýƒ‘, Image length received, , 
2024-04-30 23:12:47, ÿÃÑüo©ý{©ýƒ‘, Image fully received, , 
2024-04-30 23:12:47, ÿÃÑüo©ý{©ýƒ‘, Sending status code, , 
2024-04-30 23:12:47, , Error, send() could not send status code back to client, 
